SRM1312A,DD-AA16HL-MWEH,312M0001
SRM1312A,DD-AB16HR-MGNH,312M0001
SRM1312A,DD-AC14HJL-MCXH,312M0001
SRM1312A,DD-AC14HJL-MGNH,312M0001
SRM1312A,DD-AC14HJL-MWEH,312M0001
SRM1312A,DD-AC14HJR-MCXH,312M0001
SRM1312A,DD-AC14HJR-MGNH,312M0001
SRM1312A,DD-AC14HJR-MWEH,312M0001
SRM1312A,DD-AC14HL-MCXH,312M0001
SRM1312A,DD-AC14HL-MWEH,312M0001
SRM1312A,DD-AC14HL-MWEZ,312M0001
SRM1312A,DD-AC14HR-MGNH,312M0001
SRM1312A,DD-AC14HR-MWEH,312M0001
SRM1312A,DD-AC16HJL-MCXH,312M0001
SRM1312A,DD-AC16HJL-MGNH,312M0001
SRM1312A,DD-AC16HJL-MWEZ,312M0001
SRM1312A,DD-AC16HJR-MCXH,312M0001
SRM1312A,DD-AC16HJR-MWEH,312M0001
SRM1312A,DD-AC16HJR-MWEZ,312M0001
SRM1312A,DD-AC16HL-MCXH,312M0001
SRM1312A,DD-AC16HL-MGNH,312M0001
SRM1312A,DD-AC16HL-MWEH,312M0001
SRM1312A,DD-AC16HL-MWEZ,312M0001
SRM1312A,DD-AC16HR-MCXH,312M0001
SRM1312A,DD-AC16HR-MGNH,312M0001
SRM1312A,DD-AC16HR-MWEH,312M0001
SRM1312A,DD-AC16HR-MWEZ,312M0001
SRM1312A,DD-AD16HL-MWEH,312M0001
SRM1312A,DD-AD16HL-MWEZ,312M0001
SRM1312A,DD-AD16HR-MCXH,312M0001
SRM1312A,DD-AD16HR-MWEH,312M0001
SRM1312A,DD-AD16HR-MWEZ,312M0001
SRM1312A,DD-BA16HR-MCXH,312M0001
SRM1312A,DD-BA16HR-MWEZ,312M0001
SRM1312A,DD-BB16HJR-MWEH,312M0001
SRM1312A,DD-BB16HL-MWEH,312M0001
SRM1312A,LL-AA16H-MGNP,312M0001
SRM1312A,LL-AC12HJL-MGNH,312M0001
SRM1312A,LL-AC12HJR-MGNH,312M0001
SRM1312A,LL-AC14HJL-MCXH,312M0001
SRM1312A,LL-AC14HJL-MGNH,312M0001
SRM1312A,LL-AC14HJL-MWEH,312M0001
SRM1312A,LL-AC14HJL-MWEZ,312M0001
SRM1312A,LL-AC14HJR-MWEH,312M0001
SRM1312A,LL-AC14HL-MCXH,312M0001
SRM1312A,LL-AC14HL-MGNH,312M0001
SRM1312A,LL-AC14HL-MWEH,312M0001
SRM1312A,LL-AC14HL-MWEZ,312M0001
SRM1312A,LL-AC14HR-MCXH,312M0001
SRM1312A,LL-AC14HR-MUTZ,312M0001
SRM1312A,LL-AC14HR-MWEH,312M0001
SRM1312A,LL-AC14HR-MWEZ,312M0001
SRM1312A,LL-AC16H-MWE3,312M0001
SRM1312A,LL-AC16HJL-MCXH,312M0001
SRM1312A,LL-AC16HJL-MGNH,312M0001
SRM1312A,LL-AC16HJL-MUTZ,312M0001
SRM1312A,LL-AC16HJL-MWEH,312M0001
SRM1312A,LL-AC16HJL-MWEZ,312M0001
SRM1312A,LL-AC16HJR-MCXH,312M0001
SRM1312A,LL-AC16HJR-MGNH,312M0001
SRM1312A,LL-AC16HJR-MWEH,312M0001
SRM1312A,LL-AC16HL-MCXH,312M0001
SRM1312A,LL-AC16HL-MGNH,312M0001
SRM1312A,LL-AC16HL-MUTZ,312M0001
SRM1312A,LL-AC16HL-MWEH,312M0001
SRM1312A,LL-AC16HL-MWEZ,312M0001
SRM1312A,LL-AC16HR-MCXH,312M0001
SRM1312A,LL-AC16HR-MGNH,312M0001
SRM1312A,LL-AC16HR-MUTZ,312M0001
SRM1312A,LL-AC16HR-MWEH,312M0001
SRM1312A,LL-AC16HR-MWEZ,312M0001
SRM1312A,LL-AD14HL-MGNH,312M0001
SRM1312A,LL-AD14HL-MWEH,312M0001
SRM1312A,LL-AD14HR-MCXH,312M0001
SRM1312A,LL-AD16H-MCXP,312M0001
SRM1312A,LL-AD16H-MWEP,312M0001
SRM1312A,LL-AD16HJL-MCXH,312M0001
SRM1312A,LL-AD16HJR-MWEH,312M0001
SRM1312A,LL-AD16HL-MCXH,312M0001
SRM1312A,LL-AD16HL-MWEH,312M0001
SRM1312A,LL-AD16HR-MCXH,312M0001
SRM1312A,LL-AD16HR-MWEH,312M0001
SRM1312A,LL-AD16HR-MWEZ,312M0001
SRM1312A,LL-AE16H-MGNP,312M0001
SRM1312A,LL-BA16H-MCXP,312M0001
SRM1312A,LL-BA16H-MGNP,312M0001
SRM1312A,LL-BA16HJL-MGNH,312M0001
SRM1312A,LL-BA16HL-MCXH,312M0001
SRM1312A,LL-BA16HL-MGNH,312M0001
SRM1312A,LL-BA16HL-MUTZ,312M0001
SRM1312A,LL-BA16HL-MWEH,312M0001
SRM1312A,LL-BA16HR-MGNH,312M0001
SRM1312A,LL-BA16HR-MUTZ,312M0001
SRM1312A,LL-BA16HR-MWEH,312M0001
SRM1312A,LL-BA16HR-MWEZ,312M0001
SRM1312A,MM-AB16HJR-MWEZ,312M0001
SRM1312A,MM-AB16HL-MCXH,312M0001
SRM1312A,MM-AC12HJL-MGNH,312M0001
SRM1312A,MM-AC12HJR-MCXH,312M0001
SRM1312A,MM-AC13HJR-MCXH,312M0001
SRM1312A,MM-AC14HJL-MCXH,312M0001
SRM1312A,MM-AC14HJL-MGNH,312M0001
SRM1312A,MM-AC14HJR-MCXH,312M0001
SRM1312A,MM-AC14HJR-MGNH,312M0001
SRM1312A,MM-AC14HJR-MWEH,312M0001
SRM1312A,MM-AC14HL-MCXH,312M0001
SRM1312A,MM-AC14HL-MGNH,312M0001
SRM1312A,MM-AC14HL-MWEH,312M0001
SRM1312A,MM-AC14HR-MCXH,312M0001
SRM1312A,MM-AC14HR-MGNH,312M0001
SRM1312A,MM-AC14HR-MWEH,312M0001
SRM1312A,MM-AC16H-MWE3,312M0001
SRM1312A,MM-AC16HJL-MCXH,312M0001
SRM1312A,MM-AC16HJL-MGNH,312M0001
SRM1312A,MM-AC16HJL-MWEH,312M0001
SRM1312A,MM-AC16HJR-MGNH,312M0001
SRM1312A,MM-AC16HJR-MWEH,312M0001
SRM1312A,MM-AC16HL-MCXH,312M0001
SRM1312A,MM-AC16HL-MGNH,312M0001
SRM1312A,MM-AC16HL-MUTZ,312M0001
SRM1312A,MM-AC16HL-MWEH,312M0001
SRM1312A,MM-AC16HL-MWEZ,312M0001
SRM1312A,MM-AC16HR-MCXH,312M0001
SRM1312A,MM-AC16HR-MGNH,312M0001
SRM1312A,MM-AC16HR-MUTZ,312M0001
SRM1312A,MM-AC16HR-MWEH,312M0001
SRM1312A,MM-AC16HR-MWEZ,312M0001
SRM1312A,MM-AD16H-MCXP,312M0001
SRM1312A,MM-AD16H-MGNP,312M0001
SRM1312A,MM-AD16H-MWE3,312M0001
SRM1312A,MM-AD16HJL-MWEH,312M0001
SRM1312A,MM-AD16HJL-MWEZ,312M0001
SRM1312A,MM-AD16HJR-MCXH,312M0001
SRM1312A,MM-AD16HJR-MGNH,312M0001
SRM1312A,MM-AD16HJR-MWEZ,312M0001
SRM1312A,MM-AD16HL-MUTZ,312M0001
SRM1312A,MM-AD16HL-MWEZ,312M0001
SRM1312A,MM-AD16HR-MWEZ,312M0001
SRM1312A,MM-AE16HJL-MGNH,312M0001
SRM1312A,MM-AE16HJR-MWEH,312M0001
SRM1312A,MM-AE16HR-MCXH,312M0001
SRM1312A,MM-AE16HR-MWEH,312M0001
SRM1312A,MM-BA16H-MWEP,312M0001
SRM1312A,MM-BA16HL-MUTZ,312M0001
SRM1312A,MM-BA16HL-MWEZ,312M0001
SRM1312A,MM-BA16HR-MWEH,312M0001
SRM1312A,MM-BB16HL-MCXH,312M0001
SRM1312A,MM-BB16HL-MWEH,312M0001
SRM1312A,MM-BB16HR-MCXH,312M0001
SRM1312A,PP-AB16HR-MCXH,312M0001
SRM1312A,PP-AC12HJR-MGNH,312M0001
SRM1312A,PP-AC12HL-MGNH,312M0001
SRM1312A,PP-AC14HJL-MCXH,312M0001
SRM1312A,PP-AC14HJL-MWEH,312M0001
SRM1312A,PP-AC14HJR-MCXH,312M0001
SRM1312A,PP-AC14HJR-MWEH,312M0001
SRM1312A,PP-AC14HJR-MWEZ,312M0001
SRM1312A,PP-AC14HL-MCXH,312M0001
SRM1312A,PP-AC14HL-MGNH,312M0001
SRM1312A,PP-AC14HL-MWEH,312M0001
SRM1312A,PP-AC14HR-MCXH,312M0001
SRM1312A,PP-AC14HR-MWEH,312M0001
SRM1312A,PP-AC14HR-MWEZ,312M0001
SRM1312A,PP-AC16H-MWE3,312M0001
SRM1312A,PP-AC16HJL-MCXH,312M0001
SRM1312A,PP-AC16HJL-MWEH,312M0001
SRM1312A,PP-AC16HJL-MWEZ,312M0001
SRM1312A,PP-AC16HJR-MCXH,312M0001
SRM1312A,PP-AC16HJR-MUTZ,312M0001
SRM1312A,PP-AC16HJR-MWEH,312M0001
SRM1312A,PP-AC16HJR-MWEZ,312M0001
SRM1312A,PP-AC16HL-MCXH,312M0001
SRM1312A,PP-AC16HL-MGNH,312M0001
SRM1312A,PP-AC16HL-MUTZ,312M0001
SRM1312A,PP-AC16HL-MWEH,312M0001
SRM1312A,PP-AC16HL-MWEZ,312M0001
SRM1312A,PP-AC16HR-MCXH,312M0001
SRM1312A,PP-AC16HR-MGNH,312M0001
SRM1312A,PP-AC16HR-MUTZ,312M0001
SRM1312A,PP-AC16HR-MWEH,312M0001
SRM1312A,PP-AC16HR-MWEZ,312M0001
SRM1312A,PP-AD14HR-MWEZ,312M0001
SRM1312A,PP-AD16H-MCXP,312M0001
SRM1312A,PP-AD16H-MGNP,312M0001
SRM1312A,PP-AD16H-MWEP,312M0001
SRM1312A,PP-AD16HJL-MCXH,312M0001
SRM1312A,PP-AD16HJL-MWEH,312M0001
SRM1312A,PP-AD16HJL-MWEZ,312M0001
SRM1312A,PP-AD16HL-MCXH,312M0001
SRM1312A,PP-AD16HL-MWEH,312M0001
SRM1312A,PP-AD16HR-MCXH,312M0001
SRM1312A,PP-AD16HR-MGNH,312M0001
SRM1312A,PP-AD16HR-MWEZ,312M0001
SRM1312A,PP-AE16HJR-MWEH,312M0001
SRM1312A,PP-BA14HJL-MUTZ,312M0001
SRM1312A,PP-BA16H-MGNP,312M0001
SRM1312A,PP-BA16HL-MWEH,312M0001
SRM1312A,PP-BA16HR-MWEH,312M0001
SRM1312A,PP-BB16HL-MWEH,312M0001
SRM1312A,WA-AA16H-MWE3,312M0001
SRM1312A,WA-AA16HR-MGNH,312M0001
SRM1312A,WA-AB16HJL-MGNH,312M0001
SRM1312A,WA-AB16HL-MGNH,312M0001
SRM1312A,WA-AC12HJL-MCXH,312M0001
SRM1312A,WA-AC12HJL-MGNH,312M0001
SRM1312A,WA-AC12HJR-MGNH,312M0001
SRM1312A,WA-AC14HJL-MCXH,312M0001
SRM1312A,WA-AC14HJL-MGNH,312M0001
SRM1312A,WA-AC14HJL-MWEH,312M0001
SRM1312A,WA-AC14HJL-MWEZ,312M0001
SRM1312A,WA-AC14HJR-MCXH,312M0001
SRM1312A,WA-AC14HJR-MWEH,312M0001
SRM1312A,WA-AC14HJR-MWEZ,312M0001
SRM1312A,WA-AC14HL-MCXH,312M0001
SRM1312A,WA-AC14HL-MGNH,312M0001
SRM1312A,WA-AC14HL-MWEH,312M0001
SRM1312A,WA-AC14HL-MWEZ,312M0001
SRM1312A,WA-AC14HR-MCXH,312M0001
SRM1312A,WA-AC14HR-MGNH,312M0001
SRM1312A,WA-AC14HR-MWEH,312M0001
SRM1312A,WA-AC14HR-MWEZ,312M0001
SRM1312A,WA-AC16HJL-MCXH,312M0001
SRM1312A,WA-AC16HJL-MGNH,312M0001
SRM1312A,WA-AC16HJL-MUTZ,312M0001
SRM1312A,WA-AC16HJL-MWEH,312M0001
SRM1312A,WA-AC16HJL-MWEZ,312M0001
SRM1312A,WA-AC16HJR-MCXH,312M0001
SRM1312A,WA-AC16HJR-MGNH,312M0001
SRM1312A,WA-AC16HJR-MUTZ,312M0001
SRM1312A,WA-AC16HJR-MWEH,312M0001
SRM1312A,WA-AC16HJR-MWEZ,312M0001
SRM1312A,WA-AC16HL-MCXH,312M0001
SRM1312A,WA-AC16HL-MGNH,312M0001
SRM1312A,WA-AC16HL-MWEH,312M0001
SRM1312A,WA-AC16HL-MWEZ,312M0001
SRM1312A,WA-AC16HR-MCXH,312M0001
SRM1312A,WA-AC16HR-MGNH,312M0001
SRM1312A,WA-AC16HR-MUTZ,312M0001
SRM1312A,WA-AC16HR-MWEH,312M0001
SRM1312A,WA-AC16HR-MWEZ,312M0001
SRM1312A,WA-AD16HJL-MCXH,312M0001
SRM1312A,WA-AD16HJR-MWEH,312M0001
SRM1312A,WA-AD16HL-MWEH,312M0001
SRM1312A,WA-AD16HR-MWEH,312M0001
SRM1312A,WA-AE16HL-MGNH,312M0001
SRM1312A,WA-AE16HL-MWEZ,312M0001
SRM1312A,WA-BA16HL-MCXH,312M0001
SRM1312A,WA-BA16HL-MWEH,312M0001
SRM1312A,WA-BA16HR-MGNH,312M0001
SRM1312A,WA-BA16HR-MWEZ,312M0001
SRM1312A,WA-BB16HL-MCXH,312M0001
SRM1312A,YY-AA14HL-MGNH,312M0001
SRM1312A,YY-AA16H-MCXP,312M0001
SRM1312A,YY-AA16H-MWE3,312M0001
SRM1312A,YY-AA16HR-MWEH,312M0001
SRM1312A,YY-AB14HL-MUTZ,312M0001
SRM1312A,YY-AB14HL-MWEZ,312M0001
SRM1312A,YY-AB14HR-MWEZ,312M0001
SRM1312A,YY-AB16H-MGNP,312M0001
SRM1312A,YY-AB16HJL-MWEZ,312M0001
SRM1312A,YY-AB16HJR-MWEZ,312M0001
SRM1312A,YY-AB16HR-MCXH,312M0001
SRM1312A,YY-AB16HR-MGNH,312M0001
SRM1312A,YY-AB16HR-MUTZ,312M0001
SRM1312A,YY-AB16HR-MWEZ,312M0001
SRM1312A,YY-AC12HJL-MCXH,312M0001
SRM1312A,YY-AC12HJL-MGNH,312M0001
SRM1312A,YY-AC12HJR-MCXH,312M0001
SRM1312A,YY-AC12HJR-MGNH,312M0001
SRM1312A,YY-AC12HJR-MWEH,312M0001
SRM1312A,YY-AC12HL-MWEH,312M0001
SRM1312A,YY-AC12HL-MWEZ,312M0001
SRM1312A,YY-AC12HR-MCXH,312M0001
SRM1312A,YY-AC12HR-MGNH,312M0001
SRM1312A,YY-AC13HJR-MCXH,312M0001
SRM1312A,YY-AC13HR-MGNH,312M0001
SRM1312A,YY-AC14HJL-MCXH,312M0001
SRM1312A,YY-AC14HJL-MGNH,312M0001
SRM1312A,YY-AC14HJL-MWEH,312M0001
SRM1312A,YY-AC14HJL-MWEZ,312M0001
SRM1312A,YY-AC14HJR-MCXH,312M0001
SRM1312A,YY-AC14HJR-MGNH,312M0001
SRM1312A,YY-AC14HJR-MUTZ,312M0001
SRM1312A,YY-AC14HJR-MWEH,312M0001
SRM1312A,YY-AC14HJR-MWEZ,312M0001
SRM1312A,YY-AC14HL-MCXH,312M0001
SRM1312A,YY-AC14HL-MGNH,312M0001
SRM1312A,YY-AC14HL-MUTZ,312M0001
SRM1312A,YY-AC14HL-MWEH,312M0001
SRM1312A,YY-AC14HL-MWEZ,312M0001
SRM1312A,YY-AC14HR-MCXH,312M0001
SRM1312A,YY-AC14HR-MGNH,312M0001
SRM1312A,YY-AC14HR-MUTZ,312M0001
SRM1312A,YY-AC14HR-MWEH,312M0001
SRM1312A,YY-AC14HR-MWEZ,312M0001
SRM1312A,YY-AC16H-MWE3,312M0001
SRM1312A,YY-AC16HJL-MCXH,312M0001
SRM1312A,YY-AC16HJL-MGNH,312M0001
SRM1312A,YY-AC16HJL-MUTZ,312M0001
SRM1312A,YY-AC16HJL-MWEH,312M0001
SRM1312A,YY-AC16HJL-MWEZ,312M0001
SRM1312A,YY-AC16HJR-MCXH,312M0001
SRM1312A,YY-AC16HJR-MGNH,312M0001
SRM1312A,YY-AC16HJR-MWEH,312M0001
SRM1312A,YY-AC16HJR-MWEZ,312M0001
SRM1312A,YY-AC16HL-MCXH,312M0001
SRM1312A,YY-AC16HL-MGNH,312M0001
SRM1312A,YY-AC16HL-MUTZ,312M0001
SRM1312A,YY-AC16HL-MWEH,312M0001
SRM1312A,YY-AC16HL-MWEZ,312M0001
SRM1312A,YY-AC16HR-MCXH,312M0001
SRM1312A,YY-AC16HR-MGNH,312M0001
SRM1312A,YY-AC16HR-MUTZ,312M0001
SRM1312A,YY-AC16HR-MWEH,312M0001
SRM1312A,YY-AC16HR-MWEZ,312M0001
SRM1312A,YY-AC16K-MWE3,312M0001
SRM1312A,YY-AD14HJL-MWEH,312M0001
SRM1312A,YY-AD14HJR-MWEH,312M0001
SRM1312A,YY-AD14HL-MWEH,312M0001
SRM1312A,YY-AD14HL-MWEZ,312M0001
SRM1312A,YY-AD14HR-MCXH,312M0001
SRM1312A,YY-AD14HR-MWEH,312M0001
SRM1312A,YY-AD14HR-MWEZ,312M0001
SRM1312A,YY-AD16H-MWEP,312M0001
SRM1312A,YY-AD16HJL-MCXH,312M0001
SRM1312A,YY-AD16HJL-MWEZ,312M0001
SRM1312A,YY-AD16HJR-MGNH,312M0001
SRM1312A,YY-AD16HL-MCXH,312M0001
SRM1312A,YY-AD16HL-MWEH,312M0001
SRM1312A,YY-AD16HL-MWEZ,312M0001
SRM1312A,YY-AD16HR-MGNH,312M0001
SRM1312A,YY-AD16HR-MWEH,312M0001
SRM1312A,YY-AD16HR-MWEZ,312M0001
SRM1312A,YY-AE16HJL-MWEH,312M0001
SRM1312A,YY-AE16HJR-MWEH,312M0001
SRM1312A,YY-AE16HL-MWEH,312M0001
SRM1312A,YY-AE16HR-MGNH,312M0001
SRM1312A,YY-AE16HR-MWEH,312M0001
SRM1312A,YY-BA14HJL-MCXH,312M0001
SRM1312A,YY-BA14HJL-MGNH,312M0001
SRM1312A,YY-BA14HJL-MWEH,312M0001
SRM1312A,YY-BA14HJL-MWEZ,312M0001
SRM1312A,YY-BA14HJR-MWEZ,312M0001
SRM1312A,YY-BA14HL-MCXH,312M0001
SRM1312A,YY-BA14HL-MWEH,312M0001
SRM1312A,YY-BA14HL-MWEZ,312M0001
SRM1312A,YY-BA14HR-MCXH,312M0001
SRM1312A,YY-BA14HR-MUTZ,312M0001
SRM1312A,YY-BA14HR-MWEH,312M0001
SRM1312A,YY-BA14HR-MWEZ,312M0001
SRM1312A,YY-BA16H-MCXP,312M0001
SRM1312A,YY-BA16H-MGNP,312M0001
SRM1312A,YY-BA16HJL-MCXH,312M0001
SRM1312A,YY-BA16HJR-MCXH,312M0001
SRM1312A,YY-BA16HJR-MUTZ,312M0001
SRM1312A,YY-BA16HJR-MWEZ,312M0001
SRM1312A,YY-BA16HL-MCXH,312M0001
SRM1312A,YY-BA16HL-MWEH,312M0001
SRM1312A,YY-BA16HL-MWEZ,312M0001
SRM1312A,YY-BA16HR-MWEH,312M0001
SRM1312A,YY-BA16HR-MWEZ,312M0001
SRM1312A,YY-BB14HR-MWEH,312M0001
SRM1312A,YY-BB16HL-MCXH,312M0001
SRM1312A,YY-BB16HL-MWEH,312M0001
SRM1312A,YY-BB16HR-MCXH,312M0001
SRM1312A,YY-BB16HR-MWEH,312M0001
